instance,n_customers,n_vehicles,seed,milp_status,milp_score,milp_runtime_s,milp_mip_gap,heur_score,heur_runtime_s,gap_pct,milp_feasible,heur_feasible
toy,4,3,-,Optimal,470.0,0.036,5.173803772097643e-07,470.0,0.006,0.0,True,True
rand_c5_v2_s1,5,2,1,Optimal,233.9,0.105,4.7664502475678717e-07,233.89999999999998,0.012,0.0,True,True
rand_c5_v2_s2,5,2,2,Optimal,196.8,0.065,1.5800619967821777e-06,196.8,0.016,0.0,True,True
rand_c5_v2_s3,5,2,3,Optimal,171.1,0.056,5.406177541751138e-07,171.1,0.014,0.0,True,True
rand_c6_v3_s1,6,3,1,Optimal,226.7,0.091,6.390963812011372e-08,245.00000000000003,0.024,8.0723,True,True
rand_c6_v3_s2,6,3,2,Optimal,215.5,0.365,0.0,215.5,0.036,0.0,True,True
rand_c6_v3_s3,6,3,3,Optimal,215.7,0.148,1.5366766661425922e-06,215.7,0.02,0.0,True,True
rand_c8_v3_s1,8,3,1,Optimal,282.20000000000005,0.309,1.7236583459730457e-06,282.2,0.057,0.0,True,True
rand_c8_v3_s2,8,3,2,Optimal,259.9,0.26,0.0,259.9,0.057,0.0,True,True
rand_c8_v3_s3,8,3,3,Optimal,248.79999999999995,0.179,1.159162403609222e-06,248.79999999999998,0.054,0.0,True,True
rand_c10_v4_s1,10,4,1,Optimal,296.59999999999997,1.033,1.5770396392172917e-06,296.59999999999997,0.113,0.0,True,True
rand_c10_v4_s2,10,4,2,Optimal,248.39999999999998,0.645,0.0,263.70000000000005,0.113,6.1594,True,True
rand_c10_v4_s3,10,4,3,Optimal,296.20000000000005,8.8,8.442100317536055e-05,296.19999999999993,0.096,0.0,True,True
